t_Ga,reservoir,ratio,model,literature,abs_diff,rel_error_pct
4.0,mantle,206/204,10.36,10.36,0.0,0.0
4.0,mantle,207/204,12.12,12.12,0.0,0.0
4.0,mantle,208/204,30.55,30.55,0.0,0.0
4.0,orogene,206/204,10.36,10.36,0.0,0.0
4.0,orogene,207/204,12.12,12.12,0.0,0.0
4.0,orogene,208/204,30.55,30.55,0.0,0.0
3.6,mantle,206/204,11.360816,11.36,0.000816,0.0072
3.6,mantle,207/204,13.205394,13.21,-0.004606,0.0349
3.6,mantle,208/204,31.341562,31.34,0.001562,0.005
3.6,orogene,206/204,11.419706,11.42,-0.000294,0.0026
3.6,orogene,207/204,13.26926,13.27,-0.00074,0.0056
3.6,orogene,208/204,31.404112,31.4,0.004112,0.0131
3.6,upper,206/204,11.613175,11.61,0.003175,0.0273
3.6,upper,207/204,13.479078,13.48,-0.000922,0.0068
3.6,upper,208/204,31.572456,31.57,0.002456,0.0078
3.6,lower,206/204,10.979196,10.98,-0.000804,0.0073
3.6,lower,207/204,12.791524,12.79,0.001524,0.0119
3.6,lower,208/204,31.411657,31.41,0.001657,0.0053
3.2,mantle,206/204,12.303107,12.3,0.003107,0.0253
3.2,mantle,207/204,13.941135,13.94,0.001135,0.0081
3.2,mantle,208/204,32.110049,32.11,4.9e-05,0.0002
3.2,orogene,206/204,12.47416,12.47,0.00416,0.0334
3.2,orogene,207/204,14.093459,14.09,0.003459,0.0245
3.2,orogene,208/204,32.296452,32.3,-0.003548,0.011
3.2,upper,206/204,12.689775,12.69,-0.000225,0.0018
3.2,upper,207/204,14.28529,14.29,-0.00471,0.033
3.2,upper,208/204,32.463687,32.46,0.003687,0.0114
3.2,lower,206/204,11.757756,11.76,-0.002244,0.0191
3.2,lower,207/204,13.457375,13.46,-0.002625,0.0195
3.2,lower,208/204,32.238045,32.24,-0.001955,0.0061
2.8,mantle,206/204,13.190221,13.19,0.000221,0.0017
2.8,mantle,207/204,14.439844,14.44,-0.000156,0.0011
2.8,mantle,208/204,32.860211,32.86,0.000211,0.0006
2.8,orogene,206/204,13.497888,13.5,-0.002112,0.0156
2.8,orogene,207/204,14.66731,14.67,-0.00269,0.0183
2.8,orogene,208/204,33.204162,33.2,0.004162,0.0125
2.8,upper,206/204,13.720237,13.72,0.000237,0.0017
2.8,upper,207/204,14.830785,14.83,0.000785,0.0053
2.8,upper,208/204,33.347657,33.35,-0.002343,0.007
2.8,lower,206/204,12.521854,12.52,0.001854,0.0148
2.8,lower,207/204,13.953957,13.95,0.003957,0.0284
2.8,lower,208/204,33.063337,33.06,0.003337,0.0101
2.4,mantle,206/204,14.022404,14.02,0.002404,0.0171
2.4,mantle,207/204,14.775933,14.78,-0.004067,0.0275
2.4,mantle,208/204,33.5914,33.59,0.0014,0.0042
2.4,orogene,206/204,14.472146,14.47,0.002146,0.0148
2.4,orogene,207/204,15.055144,15.06,-0.004856,0.0322
2.4,orogene,208/204,34.107428,34.11,-0.002572,0.0075
2.4,upper,206/204,14.704807,14.7,0.004807,0.0327
2.4,upper,207/204,15.197135,15.2,-0.002865,0.0188
2.4,upper,208/204,34.226711,34.23,-0.003289,0.0096
2.4,lower,206/204,13.27176,13.27,0.00176,0.0133
2.4,lower,207/204,14.329098,14.33,-0.000902,0.0063
2.4,lower,208/204,33.886207,33.89,-0.003793,0.0112
2.0,mantle,206/204,14.801919,14.8,0.001919,0.013
2.0,mantle,207/204,15.001575,15.0,0.001575,0.0105
2.0,mantle,208/204,34.304107,34.3,0.004107,0.012
2.0,orogene,206/204,15.350213,15.35,0.000213,0.0014
2.0,orogene,207/204,15.29067,15.29,0.00067,0.0044
2.0,orogene,208/204,34.950559,34.95,0.000559,0.0016
2.0,upper,206/204,15.640677,15.64,0.000677,0.0043
2.0,upper,207/204,15.438997,15.44,-0.001003,0.0065
2.0,upper,208/204,35.099149,35.1,-0.000851,0.0024
2.0,lower,206/204,14.00416,14.0,0.00416,0.0297
2.0,lower,207/204,14.614293,14.61,0.004293,0.0294
2.0,lower,208/204,34.703866,34.7,0.003866,0.0111
1.6,mantle,206/204,15.536578,15.54,-0.003422,0.022
1.6,mantle,207/204,15.155089,15.15,0.005089,0.0336
1.6,mantle,208/204,35.004004,35.0,0.004004,0.0114
1.6,orogene,206/204,16.165777,16.17,-0.004223,0.0261
1.6,orogene,207/204,15.439268,15.44,-0.000732,0.0047
1.6,orogene,208/204,35.76913,35.77,-0.00087,0.0024
1.6,upper,206/204,16.506101,16.51,-0.003899,0.0236
1.6,upper,207/204,15.585331,15.59,-0.004669,0.03
1.6,upper,208/204,35.943112,35.94,0.003112,0.0087
1.6,lower,206/204,14.715591,14.72,-0.004409,0.03
1.6,lower,207/204,14.832133,14.83,0.002133,0.0144
1.6,lower,208/204,35.506685,35.51,-0.003315,0.0093
1.2,mantle,206/204,16.229114,16.23,-0.000886,0.0055
1.2,mantle,207/204,15.259878,15.26,-0.000122,0.0008
1.2,mantle,208/204,35.691347,35.69,0.001347,0.0038
1.2,orogene,206/204,16.922489,16.92,0.002489,0.0147
1.2,orogene,207/204,15.530257,15.53,0.000257,0.0017
1.2,orogene,208/204,36.564565,36.56,0.004565,0.0125
1.2,upper,206/204,17.304062,17.3,0.004062,0.0235
1.2,upper,207/204,15.668429,15.67,-0.001571,0.01
1.2,upper,208/204,36.76012,36.76,0.00012,0.0003
1.2,lower,206/204,15.401671,15.4,0.001671,0.0108
1.2,lower,207/204,14.998508,15.0,-0.001492,0.0099
1.2,lower,208/204,36.293756,36.29,0.003756,0.0103
0.8,mantle,206/204,16.882044,16.88,0.002044,0.0121
0.8,mantle,207/204,15.331713,15.33,0.001713,0.0112
0.8,mantle,208/204,36.366372,36.37,-0.003628,0.01
0.8,orogene,206/204,17.624217,17.62,0.004217,0.0239
0.8,orogene,207/204,15.583541,15.58,0.003541,0.0227
0.8,orogene,208/204,37.338187,37.34,-0.001813,0.0049
0.8,upper,206/204,18.038377,18.04,-0.001623,0.009
0.8,upper,207/204,15.710539,15.71,0.000539,0.0034
0.8,upper,208/204,37.551727,37.55,0.001727,0.0046
0.8,lower,206/204,16.060176,16.06,0.000176,0.0011
0.8,lower,207/204,15.125872,15.13,-0.004128,0.0273
0.8,lower,208/204,37.064698,37.06,0.004698,0.0127
0.4,mantle,206/204,17.497697,17.5,-0.002303,0.0132
0.4,mantle,207/204,15.381226,15.38,0.001226,0.008
0.4,mantle,208/204,37.029309,37.03,-0.000691,0.0019
0.4,orogene,206/204,18.274865,18.27,0.004865,0.0266
0.4,orogene,207/204,15.612516,15.61,0.002516,0.0161
0.4,orogene,208/204,38.091219,38.09,0.001219,0.0032
0.4,upper,206/204,18.713343,18.71,0.003343,0.0179
0.4,upper,207/204,15.726786,15.73,-0.003214,0.0204
0.4,upper,208/204,38.319466,38.32,-0.000534,0.0014
0.4,lower,206/204,16.690075,16.69,7.5e-05,0.0005
0.4,lower,207/204,15.223706,15.22,0.003706,0.0244
0.4,lower,208/204,37.819414,37.82,-0.000586,0.0015
0.0,mantle,206/204,18.07824,18.08,-0.00176,0.0097
0.0,mantle,207/204,15.415596,15.42,-0.004404,0.0286
0.0,mantle,208/204,37.680387,37.68,0.000387,0.001
0.0,orogene,206/204,18.878254,18.88,-0.001746,0.0092
0.0,orogene,207/204,15.626125,15.63,-0.003875,0.0248
0.0,orogene,208/204,38.824774,38.82,0.004774,0.0123
0.0,upper,206/204,19.333465,19.33,0.003465,0.0179
0.0,upper,207/204,15.727305,15.73,-0.002695,0.0171
0.0,upper,208/204,39.064807,39.06,0.004807,0.0123
0.0,lower,206/204,17.291051,17.29,0.001051,0.0061
0.0,lower,207/204,15.299146,15.3,-0.000854,0.0056
0.0,lower,208/204,38.557974,38.56,-0.002026,0.0053
